code,rank,scientific_name,genus,specific_epithet,infraspecific,cultivar,family,common_name,parent_code,synonyms,external_ref
acer,genus,Acer,Acer,,,,Sapindaceae,,,,
aesculus,genus,Aesculus,Aesculus,,,,Sapindaceae,,,,
ailanthus,genus,Ailanthus,Ailanthus,,,,Simaroubaceae,,,,
albizia,genus,Albizia,Albizia,,,,Fabaceae,,,,
betula,genus,Betula,Betula,,,,Betulaceae,,,,
buxus,genus,Buxus,Buxus,,,,Buxaceae,,,,
carpinus,genus,Carpinus,Carpinus,,,,Betulaceae,,,,
catalpa,genus,Catalpa,Catalpa,,,,Bignoniaceae,,,,
cedrus,genus,Cedrus,Cedrus,,,,Pinaceae,,,,
celtis,genus,Celtis,Celtis,,,,Cannabaceae,,,,
cercis,genus,Cercis,Cercis,,,,Fabaceae,,,,
cupressus,genus,Cupressus,Cupressus,,,,Cupressaceae,,,,
fagus,genus,Fagus,Fagus,,,,Fagaceae,,,,
fraxinus,genus,Fraxinus,Fraxinus,,,,Oleaceae,,,,
ginkgo,genus,Ginkgo,Ginkgo,,,,Ginkgoaceae,,,,
gleditsia,genus,Gleditsia,Gleditsia,,,,Fabaceae,,,,
hedera,genus,Hedera,Hedera,,,,Araliaceae,,,,
koelreuteria,genus,Koelreuteria,Koelreuteria,,,,Sapindaceae,,,,
lagerstroemia,genus,Lagerstroemia,Lagerstroemia,,,,Lythraceae,,,,
laurus,genus,Laurus,Laurus,,,,Lauraceae,,,,
ligustrum,genus,Ligustrum,Ligustrum,,,,Oleaceae,,,,
liquidambar,genus,Liquidambar,Liquidambar,,,,Altingiaceae,,,,
liriodendron,genus,Liriodendron,Liriodendron,,,,Magnoliaceae,,,,
magnolia,genus,Magnolia,Magnolia,,,,Magnoliaceae,,,,
melia,genus,Melia,Melia,,,,Meliaceae,,,,
morus,genus,Morus,Morus,,,,Moraceae,,,,
nerium,genus,Nerium,Nerium,,,,Apocynaceae,,,,
olea,genus,Olea,Olea,,,,Oleaceae,,,,
ostrya,genus,Ostrya,Ostrya,,,,Betulaceae,,,,
paulownia,genus,Paulownia,Paulownia,,,,Paulowniaceae,,,,
phoenix,genus,Phoenix,Phoenix,,,,Arecaceae,,,,
photinia,genus,Photinia,Photinia,,,,Rosaceae,,,,
pinus,genus,Pinus,Pinus,,,,Pinaceae,,,,
pittosporum,genus,Pittosporum,Pittosporum,,,,Pittosporaceae,,,,
platanus,genus,Platanus,Platanus,,,,Platanaceae,,,,
populus,genus,Populus,Populus,,,,Salicaceae,,,,
prunus,genus,Prunus,Prunus,,,,Rosaceae,,,,
pyracantha,genus,Pyracantha,Pyracantha,,,,Rosaceae,,,,
pyrus,genus,Pyrus,Pyrus,,,,Rosaceae,,,,
quercus,genus,Quercus,Quercus,,,,Fagaceae,,,,
robinia,genus,Robinia,Robinia,,,,Fabaceae,,,,
salix,genus,Salix,Salix,,,,Salicaceae,,,,
styphnolobium,genus,Styphnolobium,Styphnolobium,,,,Fabaceae,,,,
tilia,genus,Tilia,Tilia,,,,Malvaceae,,,,
trachycarpus,genus,Trachycarpus,Trachycarpus,,,,Arecaceae,,,,
ulmus,genus,Ulmus,Ulmus,,,,Ulmaceae,,,,
viburnum,genus,Viburnum,Viburnum,,,,Viburnaceae,,,,
zelkova,genus,Zelkova,Zelkova,,,,Ulmaceae,,,,
acer-campestre,species,Acer campestre,Acer,campestre,,,Sapindaceae,acero campestre,acer,,
acer-negundo,species,Acer negundo,Acer,negundo,,,Sapindaceae,acero americano,acer,,
acer-platanoides,species,Acer platanoides,Acer,platanoides,,,Sapindaceae,acero riccio,acer,,
acer-pseudoplatanus,species,Acer pseudoplatanus,Acer,pseudoplatanus,,,Sapindaceae,acero di monte,acer,,
acer-saccharinum,species,Acer saccharinum,Acer,saccharinum,,,Sapindaceae,acero argentato,acer,,
aesculus-hippocastanum,species,Aesculus hippocastanum,Aesculus,hippocastanum,,,Sapindaceae,ippocastano,aesculus,,
ailanthus-altissima,species,Ailanthus altissima,Ailanthus,altissima,,,Simaroubaceae,ailanto,ailanthus,,
albizia-julibrissin,species,Albizia julibrissin,Albizia,julibrissin,,,Fabaceae,albizia,albizia,,
betula-pendula,species,Betula pendula,Betula,pendula,,,Betulaceae,betulla bianca,betula,,
buxus-sempervirens,species,Buxus sempervirens,Buxus,sempervirens,,,Buxaceae,bosso,buxus,,
carpinus-betulus,species,Carpinus betulus,Carpinus,betulus,,,Betulaceae,carpino bianco,carpinus,,
catalpa-bignonioides,species,Catalpa bignonioides,Catalpa,bignonioides,,,Bignoniaceae,catalpa,catalpa,,
cedrus-atlantica,species,Cedrus atlantica,Cedrus,atlantica,,,Pinaceae,cedro dell'Atlante,cedrus,,
cedrus-deodara,species,Cedrus deodara,Cedrus,deodara,,,Pinaceae,cedro dell'Himalaya,cedrus,,
cedrus-libani,species,Cedrus libani,Cedrus,libani,,,Pinaceae,cedro del Libano,cedrus,,
celtis-australis,species,Celtis australis,Celtis,australis,,,Cannabaceae,bagolaro,celtis,,
cercis-siliquastrum,species,Cercis siliquastrum,Cercis,siliquastrum,,,Fabaceae,albero di Giuda,cercis,,
cupressus-sempervirens,species,Cupressus sempervirens,Cupressus,sempervirens,,,Cupressaceae,cipresso comune,cupressus,,
fagus-sylvatica,species,Fagus sylvatica,Fagus,sylvatica,,,Fagaceae,faggio,fagus,,
fraxinus-excelsior,species,Fraxinus excelsior,Fraxinus,excelsior,,,Oleaceae,frassino maggiore,fraxinus,,
fraxinus-ornus,species,Fraxinus ornus,Fraxinus,ornus,,,Oleaceae,orniello,fraxinus,,
ginkgo-biloba,species,Ginkgo biloba,Ginkgo,biloba,,,Ginkgoaceae,ginkgo,ginkgo,,
gleditsia-triacanthos,species,Gleditsia triacanthos,Gleditsia,triacanthos,,,Fabaceae,spino di Giuda,gleditsia,,
hedera-helix,species,Hedera helix,Hedera,helix,,,Araliaceae,edera,hedera,,
koelreuteria-paniculata,species,Koelreuteria paniculata,Koelreuteria,paniculata,,,Sapindaceae,koelreuteria,koelreuteria,,
lagerstroemia-indica,species,Lagerstroemia indica,Lagerstroemia,indica,,,Lythraceae,lagerstroemia,lagerstroemia,,
laurus-nobilis,species,Laurus nobilis,Laurus,nobilis,,,Lauraceae,alloro,laurus,,
ligustrum-lucidum,species,Ligustrum lucidum,Ligustrum,lucidum,,,Oleaceae,ligustro lucido,ligustrum,,
liquidambar-styraciflua,species,Liquidambar styraciflua,Liquidambar,styraciflua,,,Altingiaceae,liquidambar,liquidambar,,
liriodendron-tulipifera,species,Liriodendron tulipifera,Liriodendron,tulipifera,,,Magnoliaceae,albero dei tulipani,liriodendron,,
magnolia-grandiflora,species,Magnolia grandiflora,Magnolia,grandiflora,,,Magnoliaceae,magnolia sempreverde,magnolia,,
melia-azedarach,species,Melia azedarach,Melia,azedarach,,,Meliaceae,albero dei rosari,melia,,
morus-alba,species,Morus alba,Morus,alba,,,Moraceae,gelso bianco,morus,,
morus-nigra,species,Morus nigra,Morus,nigra,,,Moraceae,gelso nero,morus,,
nerium-oleander,species,Nerium oleander,Nerium,oleander,,,Apocynaceae,oleandro,nerium,,
olea-europaea,species,Olea europaea,Olea,europaea,,,Oleaceae,olivo,olea,,
ostrya-carpinifolia,species,Ostrya carpinifolia,Ostrya,carpinifolia,,,Betulaceae,carpino nero,ostrya,,
paulownia-tomentosa,species,Paulownia tomentosa,Paulownia,tomentosa,,,Paulowniaceae,paulownia,paulownia,,
phoenix-canariensis,species,Phoenix canariensis,Phoenix,canariensis,,,Arecaceae,palma delle Canarie,phoenix,,
photinia-fraseri,hybrid,Photinia × fraseri,Photinia,× fraseri,,,Rosaceae,fotinia,photinia,,
pinus-halepensis,species,Pinus halepensis,Pinus,halepensis,,,Pinaceae,pino d'Aleppo,pinus,,
pinus-nigra,species,Pinus nigra,Pinus,nigra,,,Pinaceae,pino nero,pinus,,
pinus-pinea,species,Pinus pinea,Pinus,pinea,,,Pinaceae,pino domestico,pinus,,
pittosporum-tobira,species,Pittosporum tobira,Pittosporum,tobira,,,Pittosporaceae,pittosporo,pittosporum,,
platanus-hispanica,hybrid,Platanus × hispanica,Platanus,× hispanica,,,Platanaceae,platano comune,platanus,Platanus × acerifolia|Platanus acerifolia|Platanus hybrida,
platanus-orientalis,species,Platanus orientalis,Platanus,orientalis,,,Platanaceae,platano orientale,platanus,,
populus-alba,species,Populus alba,Populus,alba,,,Salicaceae,pioppo bianco,populus,,
populus-nigra,species,Populus nigra,Populus,nigra,,,Salicaceae,pioppo nero,populus,,
populus-nigra-italica,cultivar,Populus nigra 'Italica',Populus,nigra,,Italica,Salicaceae,pioppo cipressino,populus-nigra,,
prunus-avium,species,Prunus avium,Prunus,avium,,,Rosaceae,ciliegio,prunus,,
prunus-cerasifera,species,Prunus cerasifera,Prunus,cerasifera,,,Rosaceae,mirabolano,prunus,,
prunus-cerasifera-pissardii,cultivar,Prunus cerasifera 'Pissardii',Prunus,cerasifera,,Pissardii,Rosaceae,mirabolano rosso,prunus-cerasifera,,
prunus-laurocerasus,species,Prunus laurocerasus,Prunus,laurocerasus,,,Rosaceae,lauroceraso,prunus,,
prunus-serrulata,species,Prunus serrulata,Prunus,serrulata,,,Rosaceae,ciliegio da fiore,prunus,,
pyracantha-coccinea,species,Pyracantha coccinea,Pyracantha,coccinea,,,Rosaceae,agazzino,pyracantha,,
pyrus-calleryana,species,Pyrus calleryana,Pyrus,calleryana,,,Rosaceae,pero da fiore,pyrus,,
quercus-ilex,species,Quercus ilex,Quercus,ilex,,,Fagaceae,leccio,quercus,,
quercus-pubescens,species,Quercus pubescens,Quercus,pubescens,,,Fagaceae,roverella,quercus,,
quercus-robur,species,Quercus robur,Quercus,robur,,,Fagaceae,farnia,quercus,,
quercus-rubra,species,Quercus rubra,Quercus,rubra,,,Fagaceae,quercia rossa,quercus,,
robinia-pseudoacacia,species,Robinia pseudoacacia,Robinia,pseudoacacia,,,Fabaceae,robinia,robinia,,
salix-babylonica,species,Salix babylonica,Salix,babylonica,,,Salicaceae,salice piangente,salix,,
styphnolobium-japonicum,species,Styphnolobium japonicum,Styphnolobium,japonicum,,,Fabaceae,sofora,styphnolobium,Sophora japonica,
tilia-cordata,species,Tilia cordata,Tilia,cordata,,,Malvaceae,tiglio selvatico,tilia,,
tilia-platyphyllos,species,Tilia platyphyllos,Tilia,platyphyllos,,,Malvaceae,tiglio nostrano,tilia,,
tilia-tomentosa,species,Tilia tomentosa,Tilia,tomentosa,,,Malvaceae,tiglio argentato,tilia,,
tilia-europaea,hybrid,Tilia × europaea,Tilia,× europaea,,,Malvaceae,tiglio comune,tilia,Tilia × vulgaris|Tilia europaea|Tilia × intermedia,
trachycarpus-fortunei,species,Trachycarpus fortunei,Trachycarpus,fortunei,,,Arecaceae,palma di Fortune,trachycarpus,,
ulmus-minor,species,Ulmus minor,Ulmus,minor,,,Ulmaceae,olmo campestre,ulmus,,
ulmus-pumila,species,Ulmus pumila,Ulmus,pumila,,,Ulmaceae,olmo siberiano,ulmus,,
viburnum-tinus,species,Viburnum tinus,Viburnum,tinus,,,Viburnaceae,lentaggine,viburnum,,
zelkova-serrata,species,Zelkova serrata,Zelkova,serrata,,,Ulmaceae,zelkova,zelkova,,
